Well number,Well row,Well row letter,Well column,Well name,Sample name,Group name,Reference filter threshold,Data filter 1 threshold,Data filter 2 threshold,Data filter 3 threshold,Number of non-empty partitions,Number of positives in data filter 1,Concentration in data filter 1,Number of positives in data filter 2,Concentration in data filter 2,Number of positives in data filter 3,Concentration in data filter 3,User-defined attribute 1,User-defined attribute 2,User-defined attribute 3
0,0,A,0,A1,,Empty,27,27,23.1474,32,,0,empty,0,empty,0,empty,,,
1,0,A,1,A2,,Empty,27,27,23.1474,32,,0,empty,0,empty,0,empty,,,
2,0,A,2,A3,,Empty,27,27,23.1474,32,,0,empty,0,empty,0,empty,,,
3,0,A,3,A4,,Empty,27,27,23.1474,32,,0,empty,0,empty,0,empty,,,
4,0,A,4,A5,,Empty,27,27,23.1474,32,1,1,empty,1,empty,0,empty,,,
5,0,A,5,A6,,Empty,27,27,23.1474,32,,0,empty,0,empty,0,empty,,,
6,0,A,6,A7,,Empty,27,27,23.1474,32,,0,empty,0,empty,0,empty,,,
7,0,A,7,A8,,Empty,27,27,23.1474,32,,0,empty,0,empty,0,empty,,,
8,0,A,8,A9,,Empty,27,27,23.1474,32,2,2,empty,0,empty,0,empty,,,
9,0,A,9,A10,,Empty,27,27,23.1474,32,,0,empty,0,empty,0,empty,,,
10,0,A,10,A11,,Empty,27,27,23.1474,32,,0,empty,0,empty,0,empty,,,
11,0,A,11,A12,,Empty,27,27,23.1474,32,,0,empty,0,empty,0,empty,,,
12,1,B,0,B1,,Empty,27,27,23.1474,32,,0,empty,0,empty,0,empty,,,
13,1,B,1,B2,,Empty,27,27,23.1474,32,,0,empty,0,empty,0,empty,,,
14,1,B,2,B3,,Empty,27,27,23.1474,32,1,1,empty,0,empty,0,empty,,,
15,1,B,3,B4,,Empty,27,27,23.1474,32,,0,empty,0,empty,0,empty,,,
16,1,B,4,B5,,Empty,27,27,23.1474,32,,0,empty,0,empty,0,empty,,,
17,1,B,5,B6,,Empty,27,27,23.1474,32,2,2,empty,0,empty,0,empty,,,
18,1,B,6,B7,,Empty,27,27,23.1474,32,,0,empty,0,empty,0,empty,,,
19,1,B,7,B8,,Empty,27,27,23.1474,32,,0,empty,0,empty,0,empty,,,
20,1,B,8,B9,,Empty,27,27,23.1474,32,,0,empty,0,empty,0,empty,,,
21,1,B,9,B10,,Empty,27,27,23.1474,32,,0,empty,0,empty,0,empty,,,
22,1,B,10,B11,,Empty,27,27,23.1474,32,,0,empty,0,empty,0,empty,,,
23,1,B,11,B12,,Empty,27,27,23.1474,32,,0,empty,0,empty,0,empty,,,
24,2,C,0,C1,,EGFR T790M,27,27,22.90389,28.27649,483,483,over,2,0.94,472,852.7,,,
25,2,C,1,C2,,EGFR T790M,27,27,22.90389,28.27649,493,493,over,9,4.15,473,722.53,,,
26,2,C,2,C3,,EGFR T790M,27,27,22.90389,28.27649,495,495,over,11,5.07,406,386.86,,,
27,2,C,3,C4,,EGFR T790M,27,27,22.90389,28.27649,496,496,over,8,3.67,265,172.28,,,
28,2,C,4,C5,,EGFR T790M,27,27,22.90389,28.27649,496,496,over,17,7.86,241,150,,,
29,2,C,5,C6,,EGFR T790M,27,27,22.90389,28.27649,496,496,over,14,6.46,115,59.47,,,
30,2,C,6,C7,,EGFR T790M,27,27,22.90389,28.27649,495,495,over,9,4.14,60,29.13,,,
31,2,C,7,C8,,EGFR T790M,27,27,22.90389,28.27649,494,494,over,10,4.61,43,20.53,,,
32,2,C,8,C9,,EGFR T790M,27,27,22.90389,28.27649,465,465,over,12,5.89,31,15.55,,,
33,2,C,9,C10,,EGFR T790M,27,27,22.90389,28.27649,463,463,over,9,4.43,21,10.46,,,
34,2,C,10,C11,,EGFR T790M,27,27,22.90389,28.27649,463,463,over,16,7.93,21,10.46,,,
35,2,C,11,C12,,EGFR T790M,27,27,22.90389,28.27649,471,471,over,17,8.29,19,9.28,,,
36,3,D,0,D1,,EGFR T790M,27,27,22.90389,28.27649,490,490,over,4,1.85,484,over,,,
37,3,D,1,D2,,EGFR T790M,27,27,22.90389,28.27649,467,467,over,7,3.4,451,760.63,,,
38,3,D,2,D3,,EGFR T790M,27,27,22.90389,28.27649,489,489,over,14,6.55,386,351.18,,,
39,3,D,3,D4,,EGFR T790M,27,27,22.90389,28.27649,495,495,over,11,5.07,293,202.07,,,
40,3,D,4,D5,,EGFR T790M,27,27,22.90389,28.27649,496,496,over,12,5.52,200,116.38,,,
41,3,D,5,D6,,EGFR T790M,27,27,22.90389,28.27649,496,496,over,16,7.39,138,73.51,,,
42,3,D,6,D7,,EGFR T790M,27,27,22.90389,28.27649,496,496,over,8,3.67,63,30.63,,,
43,3,D,7,D8,,EGFR T790M,27,27,22.90389,28.27649,496,496,over,12,5.52,54,25.99,,,
44,3,D,8,D9,,EGFR T790M,27,27,22.90389,28.27649,496,496,over,9,4.13,33,15.52,,,
45,3,D,9,D10,,EGFR T790M,27,27,22.90389,28.27649,495,495,over,9,4.14,20,9.3,,,
46,3,D,10,D11,,EGFR T790M,27,27,22.90389,28.27649,496,496,over,4,1.83,13,5.99,,,
47,3,D,11,D12,,EGFR T790M,27,27,22.90389,28.27649,473,473,over,20,9.74,16,7.76,,,
48,4,E,0,E1,,EGFR T790M,27,27,22.90389,28.27649,428,428,over,5,2.65,422,over,,,
49,4,E,1,E2,,EGFR T790M,27,27,22.90389,28.27649,496,496,over,8,3.67,473,692.39,,,
50,4,E,2,E3,,EGFR T790M,27,27,22.90389,28.27649,415,415,over,7,3.84,350,417.97,,,
51,4,E,3,E4,,EGFR T790M,27,27,22.90389,28.27649,494,494,over,5,2.29,286,195.02,,,
52,4,E,4,E5,,EGFR T790M,27,27,22.90389,28.27649,496,496,over,8,3.67,217,129.72,,,
53,4,E,5,E6,,EGFR T790M,27,27,22.90389,28.27649,496,496,over,15,6.92,126,66.07,,,
54,4,E,6,E7,,EGFR T790M,27,27,22.90389,28.27649,496,496,over,10,4.59,56,27.01,,,
55,4,E,7,E8,,EGFR T790M,27,27,22.90389,28.27649,496,496,over,11,5.06,72,35.36,,,
56,4,E,8,E9,,EGFR T790M,27,27,22.90389,28.27649,496,496,over,8,3.67,25,11.66,,,
57,4,E,9,E10,,EGFR T790M,27,27,22.90389,28.27649,496,496,over,9,4.13,11,5.06,,,
58,4,E,10,E11,,EGFR T790M,27,27,22.90389,28.27649,495,495,over,15,6.94,25,11.68,,,
59,4,E,11,E12,,EGFR T790M,27,27,22.90389,28.27649,455,455,over,10,5.01,25,12.74,,,
60,5,F,0,F1,,EGFR T790M,27,27,22.90389,28.27649,460,460,over,2,0.98,455,over,,,
61,5,F,1,F2,,EGFR T790M,27,27,22.90389,28.27649,492,492,over,12,5.57,474,745.83,,,
62,5,F,2,F3,,EGFR T790M,27,27,22.90389,28.27649,496,496,over,13,5.99,394,356.58,,,
63,5,F,3,F4,,EGFR T790M,27,27,22.90389,28.27649,496,496,over,14,6.46,295,203.65,,,
64,5,F,4,F5,,EGFR T790M,27,27,22.90389,28.27649,496,496,over,13,5.99,213,126.51,,,
65,5,F,5,F6,,EGFR T790M,27,27,22.90389,28.27649,496,496,over,12,5.52,122,63.65,,,
66,5,F,6,F7,,EGFR T790M,27,27,22.90389,28.27649,496,496,over,8,3.67,79,39.11,,,
67,5,F,7,F8,,EGFR T790M,27,27,22.90389,28.27649,496,496,over,15,6.92,61,29.59,,,
68,5,F,8,F9,,EGFR T790M,27,27,22.90389,28.27649,495,495,over,9,4.14,38,18.01,,,
69,5,F,9,F10,,EGFR T790M,27,27,22.90389,28.27649,494,494,over,9,4.15,14,6.48,,,
70,5,F,10,F11,,EGFR T790M,27,27,22.90389,28.27649,492,492,over,8,3.7,11,5.1,,,
71,5,F,11,F12,,EGFR T790M,27,27,22.90389,28.27649,429,429,over,8,4.24,17,9.12,,,
72,6,G,0,G1,,Empty,27,27,23.1474,32,,0,empty,0,empty,0,empty,,,
73,6,G,1,G2,,Empty,27,27,23.1474,32,,0,empty,0,empty,0,empty,,,
74,6,G,2,G3,,Empty,27,27,23.1474,32,,0,empty,0,empty,0,empty,,,
75,6,G,3,G4,,Empty,27,27,23.1474,32,,0,empty,0,empty,0,empty,,,
76,6,G,4,G5,,Empty,27,27,23.1474,32,,0,empty,0,empty,0,empty,,,
77,6,G,5,G6,,Empty,27,27,23.1474,32,,0,empty,0,empty,0,empty,,,
78,6,G,6,G7,,Empty,27,27,23.1474,32,,0,empty,0,empty,0,empty,,,
79,6,G,7,G8,,Empty,27,27,23.1474,32,,0,empty,0,empty,0,empty,,,
80,6,G,8,G9,,Empty,27,27,23.1474,32,1,1,empty,1,empty,1,empty,,,
81,6,G,9,G10,,Empty,27,27,23.1474,32,,0,empty,0,empty,0,empty,,,
82,6,G,10,G11,,Empty,27,27,23.1474,32,,0,empty,0,empty,0,empty,,,
83,6,G,11,G12,,Empty,27,27,23.1474,32,,0,empty,0,empty,0,empty,,,
84,7,H,0,H1,,Empty,27,27,23.1474,32,,0,empty,0,empty,0,empty,,,
85,7,H,1,H2,,Empty,27,27,23.1474,32,,0,empty,0,empty,0,empty,,,
86,7,H,2,H3,,Empty,27,27,23.1474,32,,0,empty,0,empty,0,empty,,,
87,7,H,3,H4,,Empty,27,27,23.1474,32,,0,empty,0,empty,0,empty,,,
88,7,H,4,H5,,Empty,27,27,23.1474,32,,0,empty,0,empty,0,empty,,,
89,7,H,5,H6,,Empty,27,27,23.1474,32,,0,empty,0,empty,0,empty,,,
90,7,H,6,H7,,Empty,27,27,23.1474,32,,0,empty,0,empty,0,empty,,,
91,7,H,7,H8,,Empty,27,27,23.1474,32,,0,empty,0,empty,0,empty,,,
92,7,H,8,H9,,Empty,27,27,23.1474,32,1,1,empty,1,empty,1,empty,,,
93,7,H,9,H10,,Empty,27,27,23.1474,32,,0,empty,0,empty,0,empty,,,
94,7,H,10,H11,,Empty,27,27,23.1474,32,,0,empty,0,empty,0,empty,,,
95,7,H,11,H12,,Empty,27,27,23.1474,32,,0,empty,0,empty,0,empty,,,
